{"10_normal_mean": {"standard_deviation": 0.009928284816156516, "jarque_bera": 0.33686658647732515}, "10_normal_median": {"standard_deviation": 0.011656656270855237, "jarque_bera": 0.2702097905839018}, "10_t-student_mean": {"standard_deviation": 0.0592452680291735, "jarque_bera": 0.0}, "10_t-student_median": {"standard_deviation": 0.014553367608346478, "jarque_bera": 5.773159728050814e-15}, "25_normal_mean": {"standard_deviation": 0.00624000553279697, "jarque_bera": 0.7814751996452347}, "25_normal_median": {"standard_deviation": 0.007672330355502048, "jarque_bera": 0.4352403959605047}, "25_t-student_mean": {"standard_deviation": 0.01859684728919272, "jarque_bera": 0.0}, "25_t-student_median": {"standard_deviation": 0.009266085955244925, "jarque_bera": 1.2819346251191632e-08}, "100_normal_mean": {"standard_deviation": 0.0032985068308174674, "jarque_bera": 0.6098735852865538}, "100_normal_median": {"standard_deviation": 0.0038255227992691444, "jarque_bera": 0.310068978283762}, "100_t-student_mean": {"standard_deviation": 0.009877827115669136, "jarque_bera": 0.0}, "100_t-student_median": {"standard_deviation": 0.004362151772777661, "jarque_bera": 0.11908760526578832}, "500_normal_mean": {"standard_deviation": 0.0013826308936956216, "jarque_bera": 0.847459666851327}, "500_normal_median": {"standard_deviation": 0.0017589504780854146, "jarque_bera": 0.9264315680465621}, "500_t-student_mean": {"standard_deviation": 0.0048751051274268315, "jarque_bera": 0.0}, "500_t-student_median": {"standard_deviation": 0.0019950333794989976, "jarque_bera": 0.49555187102618603}}